Year,First Fall Frost,30-y FFF,Last Spring Frost,30-y LSF,Growing Season 0,30-y GS0
1872,68,-,41,-,132,-
1873,60,-,44,-,121,-
1874,62,-,50,-,117,-
1875,37,-,73,-,69,-
1876,73,-,64,-,114,-
1877,70,-,37,-,138,-
1878,67,-,46,-,126,-
1879,60,-,37,-,128,-
1880,59,-,50,-,114,-
1881,53,-,50,-,108,-
1882,66,-,70,-,101,-
1883,54,-,64,-,95,-
1884,84,-,50,-,139,-
1885,40,-,69,-,76,-
1886,47,-,68,-,84,-
1887,62,-,55,-,112,-
1888,47,-,67,-,85,-
1889,59,-,60,-,104,-
1890,59,-,57,-,107,-
1891,43,-,56,-,92,-
1892,62,-,61,-,106,-
1893,69,-,55,-,119,-
1894,64,-,66,-,103,-
1895,55,-,56,-,104,-
1896,47,-,32,-,120,-
1897,63,-,66,-,102,-
1898,55,-,63,-,97,-
1899,47,-,69,-,83,-
1900,74,-,48,-,130,-
1901,55,58.8,69,56,91,107.8
1902,59,58.4,40,57,124,106.4
1903,61,58.3,42,56.8,124,106.5
1904,49,58.3,55,56.6,99,106.7
1905,59,58.7,55,55.9,109,107.8
1906,47,58.2,58,55.6,94,107.6
1907,71,57.4,66,56.3,110,106.1
1908,74,57.6,75,57,104,105.5
1909,71,58.1,47,58.3,129,104.7
1910,44,58.5,63,58.2,86,105.2
1911,71,58.2,42,58.7,134,104.4
1912,73,58.3,43,57.7,135,105.6
1913,68,59,48,57,125,107
1914,54,58.4,53,56.9,106,106.5
1915,42,58.9,68,56.4,79,107.5
1916,62,58.8,50,56.4,117,107.3
1917,56,58.8,65,56.2,96,107.5
1918,56,59.1,53,56.1,108,107.9
1919,72,59,39,55.9,138,108
1920,93,59.4,43,55.3,155,109.1
1921,80,61.1,64,54.8,122,111.3
1922,60,61.8,26,54.9,139,111.8
1923,59,61.4,46,53.9,118,112.5
1924,56,61.3,68,53.2,93,113
1925,59,61.3,54,53.7,110,112.7
1926,71,61.7,51,54.4,125,112.3
1927,69,62,48,53.9,126,113.1
1928,70,62.5,57,53.4,118,114.1
1929,60,63.3,73,53,92,115.3
1930,76,62.8,59,53.8,122,114
1931,88,63.5,60,53.5,133,115.1
1932,64,64.5,58,54.2,112,115.4
1933,75,64.6,50,54.7,130,115
1934,68,65.5,54,54.6,119,116
1935,56,65.8,68,54.5,93,116.4
1936,71,66.1,43,54.9,133,116.3
1937,66,66.1,48,54.1,123,117.1
1938,65,65.9,69,53.1,101,117.8
1939,70,65.7,53,53.9,122,116.8
1940,58,66.6,81,53.6,82,118.1
1941,72,66.1,46,54.9,131,116.3
1942,64,66.1,47,55,122,116.1
1943,57,65.9,66,55,96,116
1944,77,66,37,55.4,145,115.7
1945,62,67.2,59,54.3,108,118
1946,49,67.2,54,54.7,100,117.7
1947,63,67,72,54.3,96,117.8
1948,78,67.2,58,54.9,125,117.4
1949,70,67.4,68,55.6,107,116.9
1950,63,66.7,64,56.4,104,115.3
1951,71,66.1,62,56.4,114,114.7
1952,69,66.4,61,57.7,113,113.8
1953,68,66.8,46,58.2,127,113.6
1954,69,67.2,62,57.4,112,114.8
1955,58,67.6,38,57.7,125,114.9
1956,55,67.1,53,57.3,107,114.9
1957,66,66.6,39,57.4,132,114.2
1958,77,66.5,66,56.8,116,114.7
1959,62,67.1,52,56.6,115,115.5
1960,77,66.6,41,56.3,141,115.3
1961,69,66.2,56,55.7,118,115.6
1962,66,66.4,36,55.6,135,115.8
1963,104,66.1,52,55.1,157,115.9
1964,58,67.3,71,55.1,92,117.2
1965,68,67.4,58,55.2,115,117.2
1966,72,67.3,41,55.7,136,116.6
1967,74,67.5,51,55.4,128,117
1968,80,67.8,53,54.8,132,118
1969,64,68.1,81,54.8,88,118.3
1970,60,68.3,56,54.8,109,118.5
1971,64,67.9,60,55.2,109,117.8
1972,68,67.9,81,55.6,92,117.3
1973,62,68.3,68,56.1,99,117.2
1974,68,67.8,47,57.2,126,115.6
1975,59,68,35,56.8,129,116.2
1976,68,68.3,54,56.1,119,117.2
1977,78,68.5,37,55.5,146,118
1978,83,68.5,50,54.8,138,118.7
1979,80,69,49,54.2,136,119.8
1980,65,69.6,42,53.7,128,120.9
1981,74,69.3,60,53,119,121.4
1982,61,69.5,63,52.9,103,121.6
1983,69,69.3,55,53.5,119,120.8
1984,71,69.3,57,53.3,119,121
1985,72,69.7,50,53.9,127,120.8
1986,60,70.3,48,53.8,117,121.5
1987,77,70.1,52,54.1,130,121
1988,79,70.1,46,53.7,138,121.4
1989,69,70.7,65,53.4,109,122.2
1990,63,70.4,48,54.3,120,121.1
1991,73,70.2,32,54,146,121.2
1992,69,70.4,55,53.9,119,121.6
1993,75,69.2,56,54,124,120.3
1994,81,69.8,45,53.4,141,121.4
1995,65,70.3,54,53,116,122.3
1996,75,70,54,53.4,126,121.6
1997,67,70.1,56,53.6,116,121.5
1998,68,69.6,67,53.7,106,121
1999,66,69.8,48,53.2,123,121.6
2000,69,70,61,52.9,113,122.1
2001,60,70.1,41,52.9,124,122.2
2002,72,69.9,54,51.6,123,123.3
2003,70,70.2,50,51.1,125,124.1
2004,36,70.3,57,51.2,84,124.1
2005,83,69.5,46,51.9,142,122.6
2006,55,70,51,51.7,109,123.3
2007,61,69.2,66,52.1,100,122.1
2008,74,68.4,63,52.7,116,120.8
2009,76,68.2,67,53.2,114,120.1
2010,66,68.6,39,54,132,119.6
2011,60,68.3,56,53.3,109,120
2012,61,68.3,60,53.1,106,120.2
2013,68,68,42,53.2,132,119.8
2014,81,67.9,47,52.7,139,120.2
2015,76,68.2,60,52.6,121,120.7
2016,85,68.8,47,53,143,120.8
2017,76,69.1,49,52.9,132,121.2
2018,75,69,49,53,131,121
2019,75,69.2,63,52.4,117,121.8
2020,55,69.6,60,52.9,100,121.7
2021,89,69,57,53.9,137,120.1
2022,69,69.7,52,54,121,120.7
2023,85,69.4,34,53.8,156,120.6
2024,80,69.6,43,53.4,142,121.1
2025,84,70.1,37,53.1,152,122
2026,79,70.4,50,52.5,134,122.9
2027,-,70.7,-,52.3,-,123.3
