Rank,Earliest First Frost,,Latest First Frost,,Earliest Last Frost,,Latest Last Frost,,Longest Growing Season 0,,Shortest Growing Season 0,,EFF num,LFF num,ELF num,LLF num
1,August 20,2004,October 27,1963,April 26,1922,June 20,1940,157,1963,69,1875,36,104,26,81
2,August 21,1875,October 16,1920,May 2,1896,June 20,1969,156,2023,76,1885,37,93,32,81
3,August 24,1885,October 12,2021,May 2,1991,June 20,1972,155,1920,79,1915,40,89,32,81
4,August 26,1915,October 11,1931,May 4,2023,June 14,1908,152,2025,82,1940,42,88,34,75
5,August 27,1891,October 8,2016,May 5,1975,June 12,1875,146,1977,83,1899,43,85,35,73
6,August 28,1910,October 8,2023,May 6,1962,June 12,1929,146,1991,84,1886,44,85,36,73
7,August 31,1886,October 7,1884,May 7,1877,June 11,1947,145,1944,84,2004,47,84,37,72
8,August 31,1888,October 7,2025,May 7,1879,June 10,1964,143,2016,85,1888,47,84,37,71
9,August 31,1896,October 6,1978,May 7,1944,June 9,1882,142,2005,86,1910,47,83,37,70
10,August 31,1899,October 6,2005,May 7,1977,June 8,1885,142,2024,88,1969,47,83,37,69
11,August 31,1906,October 4,1994,May 7,2025,June 8,1899,141,1960,91,1901,47,81,37,69
12,September 2,1904,October 4,2014,May 8,1955,June 8,1901,141,1994,92,1891,49,81,38,69
13,September 2,1946,October 3,1921,May 9,1919,June 8,1938,139,1884,92,1929,49,80,39,69
14,September 6,1881,October 3,1968,May 9,1957,June 7,1886,139,1922,92,1964,53,80,39,68
15,September 7,1883,October 3,1979,May 9,2010,June 7,1915,139,2014,92,1972,54,80,39,68
16,September 7,1914,October 3,2024,May 10,1902,June 7,1924,138,1877,93,1924,54,80,40,68
17,September 8,1895,October 2,1988,May 11,1872,June 7,1935,138,1919,93,1935,55,79,41,68
18,September 8,1898,October 2,2026,May 11,1960,June 7,1949,138,1978,94,1906,55,78,41,68
19,September 8,1901,October 1,1948,May 11,1966,June 7,1973,138,1988,95,1883,55,78,41,68
20,September 8,1956,October 1,1977,May 11,2001,June 6,1888,137,2021,96,1917,55,77,41,67
21,September 8,2006,September 30,1944,May 12,1903,June 6,1998,136,1966,96,1943,55,77,42,67
22,September 8,2020,September 30,1958,May 12,1911,June 6,2009,136,1979,96,1947,55,77,42,67
23,September 9,1917,September 30,1960,May 12,1980,June 5,1894,135,1912,97,1898,56,77,42,66
24,September 9,1918,September 30,1987,May 12,2013,June 5,1897,135,1962,99,1904,56,76,42,66
25,September 9,1924,September 29,1930,May 13,1912,June 5,1907,134,1911,99,1973,56,76,43,66
26,September 9,1935,September 29,2009,May 13,1920,June 5,1943,134,2026,100,1946,56,76,43,66
27,September 10,1943,September 29,2015,May 13,1936,June 5,1958,133,1931,100,2007,57,76,43,66
28,September 11,1940,September 29,2017,May 13,2024,June 5,2007,133,1936,100,2020,58,75,43,66
29,September 11,1955,September 28,1933,May 14,1873,June 4,1917,132,1872,101,1882,58,75,44,65
30,September 11,1964,September 28,1993,May 15,1994,June 4,1989,132,1957,101,1938,58,75,45,65
31,-,-,September 28,1996,-,-,-,-,132,1968,-,-,-,75,-,-
32,-,-,September 28,2018,-,-,-,-,132,2010,-,-,-,75,-,-
33,-,-,September 28,2019,-,-,-,-,132,2013,-,-,-,-,-,-
,,,,,,,,,132,2017,,,,,,
